{
    "NSObject": [
        {"NSData": 
            {"NSMutableData":
                "NSPurgeableData"
            }
        },
        {"NSDate": 
            "NSCalendarDate"
        },
        "NSDateComponents",
        "NSDecimalNumberHandler",
        {"NSFormatter": [
            "NSDateFormatter",
            "NSNumberFormatter"
        ]},
        "NSNull",
        "NSTimeZone",
        {"NSPortNameServer": [
            "NSMachBootstrapServer",
            "NSMessagePortNameServer",
            "NSSocketPortNameServer"
        ]},
        {"NSValue":
            {"NSNumber":
                "NSDecimalNumber"
            }
        },
        "NSValueTransformer",
        {"NSXMLNode": [
            "NSXMLDocument",
            "NSXMLDTD",
            "NSXMLDTDNode",
            "NSXMLElement"
        ]},
        "NSXMLParser"
    ]
}
