{
    "My Goals": [
        {"Health": [
            {"Current":
                "20% overweight"
            },
            {"Target": [
                "Normal weight",
                "Ideal weight"
            ]},
            {"Exercise": [
                "Hiking",
                "Gym"
            ]}
        ]},
        {"Charity": [
            "Volunteer work",
            "Donations"
        ]},
        {"Learning": [
            "Learning Spanish",
            "Learning graphic design"
        ]},
        {"Career": [
            {"Now":
                "Project Analyst"
            },
            {"Promotion":
                "Program Manager"
            }
        ]},
        {"Family": [
            "Family dinner",
            "Split chores",
            "Daily playtime",
            "Bedtime reading"
        ]}
    ]
}
