{
    "Guitars": [
        {"Acoustic": [
            {"Nylon / gut stringed": [
                "Renaissance",
                "Baroque",
                "Romantic",
                {"Classical":
                    "Extended-range classical"
                },
                "Flamenco"
            ]},
            {"Steel stringed": [
                "Steel-string acoustic (western, folk or country)",
                "Twelve-string",
                "Resonator (dobro)",
                "Archtop",
                "Battente",
                "Lap steel",
                "Parlor Guitar",
                "Lyre-guitar",
                "Weissenborn-style",
                "Manouche"
            ]},
            {"Other": [
                "Acoustic bass",
                "Russian",
                "Pikasso",
                "Harp",
                "Banjo",
                "Guitar lute"
            ]}
        ]},
        {"Electric": [
            "Solid body",
            "Chambered bodies",
            "Semi-acoustic",
            "Full hollowbody",
            "Electric acoustic",
            "MIDI guitars"
        ]}
    ]
}
