{
    "Six Thinking Hats": [
        {"Blue Hat - The Big Picture": [
            "Agenda",
            "Decision",
            "Global",
            "Overview"
        ]},
        {"Black Hat - Being Cautious": [
            "Critic",
            "Analyst"
        ]},
        {"Red Hat - Feelings & Emotions": [
            "Emotions",
            "Hunches",
            {"Feelings": [
                "Gut"
            ]},
            "Instincts"
        ]},
        {"White Hat - Facts & Information": [
            "Facts",
            "Data",
            "Figures"
        ]},
        {"Green Hat - New Ideas": [
            "Creative",
            "Growth",
            {"Ideas": [
                "Innovation"
            ]}
        ]},
        {"Yellow Hat - Being Positive & Optimistic": [
            "Logical",
            "Positive"
        ]}
    ]
}

