{
    "Wind instruments": [
        {"Accordion": [
            "Button accordion",
            "Cajun accordion",
            "Chromatic button accordion",
            "Diatonic button accordion",
            "Free bass accordion",
            "Piano accordion",
            "Schrammel accordion",
            "Steirische Harmonika"
        ]},
        {"Bassoon": [
            "Contrabassoon",
            "Tenoroon"
        ]},
        {"Bombarde":
            "Chromatic bombarde"
        },
        {"Clarinets": [
            "Alto clarinet",
            "Bass clarinet",
            "Basset clarinet",
            "Basset horn",
            "Clarinette d'amour",
            "Contra-alto clarinet",
            "Contrabass clarinet",
            {"Piccolo clarinet":
                "A♭ clarinet"
            },
            {"Sopranino clarinet": [
                "E♭ clarinet",
                "D clarinet"
            ]},
            {"Soprano clarinet": [
                "C clarinet",
                "B♭ clarinet",
                "A clarinet",
                "G clarinet"
            ]},
            "Octocontra-alto clarinet",
            "Octocontrabass clarinet"
        ]},
        "Duduk",
        "Dulcian",
        "Dulzaina",
        "Dung-Dkar",
        "Dzhamara",
        "English horn",
        "Euphonium",
        {"Harmonica": [
            "Chromatic harmonica",
            "Diatonic harmonica",
            "Tremolo harmonica",
            "Orchestral harmonica",
            "ChenGong harmonica"
        ]},
        {"Ocarina": [
            "Transverse ocarina",
            "Pendant ocarina",
            "Inline ocarina",
            "Multi chambered ocarina",
            "Keyed ocarina",
            "Slide ocarina"
        ]},
        {"Oboes": [
            "Bass/Baritone oboe",
            "Contrabass oboe",
            "Cor anglais/English horn",
            "Oboe d'amore",
            "Oboe da caccia",
            "Piccolo oboe/Oboe musette"
        ]},
        "Piccolo",
        "Piccolo trumpet",
        {"Pipe organ": [
            "Diaphone pipes",
            "Flue pipes",
            "Free reed pipes",
            "Reed pipes"
        ]},
        {"Recorder": [
            "Garklein",
            "Sopranino",
            "Descant",
            "Treble or alto",
            "Tenor",
            "Bass",
            "Great bass",
            "Contra bass",
            "Subcontra bass",
            "Sub-subcontrabass"
        ]},
        {"Saxophones": [
            "Alto saxophone",
            "Baritone saxophone",
            "Bass saxophone",
            "C melody saxophone",
            "C Soprano saxophone",
            "Contrabass saxophone",
            "Mezzo-soprano saxophone (Alto in F)",
            "Sopranino saxophone",
            "Soprano saxophone",
            "Soprillo",
            "Subcontrabass saxophone",
            "Tenor saxophone",
            "Tubax",
            "Xaphoon"
        ]},
        "Shakuhachi",
        {"Trombones": [
            "Sopranino trombone",
            "Soprano trombone",
            "Alto trombone",
            "Tenor trombone",
            "Bass trombone",
            "Contrabass trombone",
            "Valve trombone"
        ]},
        {"Trumpets": [
            "Soprano trumpet",
            "Bass trumpet",
            "Baroque trumpet",
            "Bass trumpet",
            "Rotary valve trumpet"
        ]},
        {"Tuba": [
            "Bass tuba",
            "Contrabass tuba",
            "Subcontrabass tuba"
        ]},
        {"Western concert flutes": [
            "Flute",
            "Alto flute",
            "Bass flute",
            "Contra-alto flute",
            "Contrabass flute",
            "Subcontrabass flute",
            "Double contrabass flute",
            "Hyperbass flute"
        ]}
    ]
}
